{
  "model": "Informer",
  "task": "binary_classification",
  "target": "trade_positivo (target_ret_1 > 0)",
  "config": {
    "seq_len": 64,
    "d_model": 128,
    "n_heads": 4,
    "e_layers": 3,
    "d_ff": 256,
    "dropout": 0.2,
    "batch_size": 64,
    "epochs": 15,
    "lr": 0.001,
    "oversample": true,
    "augment": true
  },
  "metrics": {
    "threshold_0.5": {
      "precision": 0.48699551569506727,
      "recall": 0.36248331108144194,
      "auc_roc": 0.4928308384689519,
      "positive_predictions_pct": 37.067819148936174
    },
    "threshold_optimized": {
      "threshold": 0.5,
      "precision": 0.48699551569506727,
      "recall": 0.36248331108144194,
      "positive_predictions_pct": 37.067819148936174
    }
  }
}
