{
  "X_mean": [
    5.266638332007157e-07,
    2.637478487405918e-06,
    5.41103122788201e-06,
    1.0854405497118447,
    1.085440545923508,
    1.0854406652158144,
    1.0854425372667553,
    0.0008538319824055752,
    0.0012103030422514155,
    0.001743974670768775,
    0.0027852484691401353,
    49.8810751993284,
    3306.5970148640467,
    1.0854328654334422,
    1.0861818341192118,
    1.0846981199371297,
    1.0854405094103898,
    3306.206504654818,
    1.085440612866956,
    1.0854411338558378,
    -5.209888817652409e-07,
    -6.734673508710307e-07,
    1.0854406652158144,
    0.001743974670766324,
    1.0889286145573467,
    1.0819527158742817,
    0.0012103030422527816,
    0.001743974670766324,
    1.0854405533389755,
    3306.2773143110467,
    1.0854405553540483,
    3306.3980977713295,
    1.0854405573691208,
    3306.5349615121104,
    1.0854405952524886,
    3306.797283681941,
    1.0854404912747349,
    3306.767460605328,
    11.496070608148955,
    2.0034256236650143
  ],
  "X_std": [
    0.0010624470885975503,
    0.002328874000215765,
    0.003285578423672868,
    0.04433101393887541,
    0.04431911408429893,
    0.04429611921409248,
    0.044231599097655595,
    0.0007346898369031255,
    0.0009135278945917903,
    0.0011408100420504655,
    0.0016037556435138324,
    12.609289740871974,
    1913.4167543530746,
    0.04434284402765487,
    0.044268843701557405,
    0.04441192801884269,
    0.04434238841898945,
    3059.3042179232684,
    0.04430098193636421,
    0.044254345910099635,
    0.0012454751746750754,
    0.001172327534241509,
    0.04429611921409248,
    0.001140810042051555,
    0.04401485347340069,
    0.04469224125905902,
    0.0009135278945911654,
    0.001140810042051555,
    0.04434246731025786,
    3059.2671211575876,
    0.04434247089276424,
    3059.215525234452,
    0.04434247449390204,
    3059.1932246668734,
    0.044342541618454315,
    3059.167297731429,
    0.04434235958169578,
    3059.181195592191,
    6.919626173869302,
    1.4132829507217586
  ],
  "features": [
    "ret_1",
    "ret_5",
    "ret_10",
    "ma_5",
    "ma_10",
    "ma_20",
    "ma_50",
    "std_5",
    "std_10",
    "std_20",
    "std_50",
    "rsi_14",
    "vol_ema_20",
    "open",
    "high",
    "low",
    "close",
    "volume",
    "ema_12",
    "ema_26",
    "macd",
    "macd_signal",
    "bb_ma20",
    "bb_std20",
    "bb_upper",
    "bb_lower",
    "volatility_10",
    "volatility_20",
    "close_lag_1",
    "volume_lag_1",
    "close_lag_2",
    "volume_lag_2",
    "close_lag_3",
    "volume_lag_3",
    "close_lag_5",
    "volume_lag_5",
    "close_lag_10",
    "volume_lag_10",
    "hour",
    "weekday"
  ]
}