{
  "model": "Informer",
  "task": "binary_classification",
  "target": "trade_positivo (target_ret_1 > 0)",
  "config": {
    "seq_len": 32,
    "d_model": 64,
    "n_heads": 4,
    "e_layers": 2,
    "d_ff": 128,
    "dropout": 0.2,
    "batch_size": 64,
    "epochs": 10,
    "lr": 0.0005
  },
  "dataset": {
    "total_samples": 24832,
    "train": 14880,
    "val": 4960,
    "test": 4960,
    "positive_ratio": 0.49379831552505493
  },
  "metrics": {
    "threshold_0.5": {
      "precision": 0.517910447761194,
      "recall": 0.1388,
      "auc_roc": 0.5050055284552846,
      "positive_predictions_pct": 13.508064516129032
    },
    "threshold_optimized": {
      "threshold": 0.46999999999999986,
      "precision": 0.5059523809523809,
      "recall": 0.544,
      "positive_predictions_pct": 54.19354838709678
    }
  }
}
