{
  "X_mean": [
    6.163687526472235e-07,
    2.8253825560022285e-06,
    5.3160763103385265e-06,
    1.0855003823292526,
    1.0855003814030284,
    1.0855007560204575,
    1.0855016892235825,
    0.0008536789125912796,
    0.001209958484176351,
    0.001743328527640187,
    0.0027847905471958955,
    49.88222432743014,
    3305.9565971875636,
    1.085492736388531,
    1.0862415918975517,
    1.0847581801707475,
    1.0855004759987115,
    3305.847173002577
  ],
  "X_std": [
    0.0010622109725832401,
    0.0023282877333026418,
    0.0032844129376713364,
    0.04436677296547586,
    0.04435489457419039,
    0.044332387845845596,
    0.04426631999071104,
    0.0007344720164431514,
    0.0009132896196142156,
    0.0011406210152135677,
    0.0016032659270916307,
    12.60551533913692,
    1912.8476419355418,
    0.04437865550700234,
    0.04430457171214935,
    0.04444796524264498,
    0.044378370664349256,
    3058.324350176934
  ],
  "features": [
    "ret_1",
    "ret_5",
    "ret_10",
    "ma_5",
    "ma_10",
    "ma_20",
    "ma_50",
    "std_5",
    "std_10",
    "std_20",
    "std_50",
    "rsi_14",
    "vol_ema_20",
    "open",
    "high",
    "low",
    "close",
    "volume"
  ]
}