{
  "X_mean": [
    5.266638332004881e-07,
    2.637478487406683e-06,
    5.4110312278821436e-06,
    1.0854405497118444,
    1.085440545923508,
    1.0854406652158144,
    1.085442537266755,
    0.0008538319824056248,
    0.0012103030422514652,
    0.0017439746707688252,
    0.002785248469140185,
    49.8810751993284,
    3306.5970148640463,
    1.085432865433442,
    1.0861818341192118,
    1.0846981199371297,
    1.0854405094103898,
    3306.206504654818,
    1.085440612866956,
    1.0854411338558376,
    -5.209888817652364e-07,
    -6.734673508710133e-07,
    1.0854406652158144,
    0.001743974670766324,
    1.0889286145573471,
    1.0819527158742814,
    0.0012103030422527818,
    0.001743974670766324,
    1.0854405533389753,
    3306.2773143110467,
    1.0854405553540483,
    3306.3980977713295,
    1.085440557369121,
    3306.5349615121104,
    1.0854405952524886,
    3306.797283681941,
    1.085440491274735,
    3306.767460605328,
    11.496070608148955,
    2.0034256236650143
  ],
  "X_std": [
    0.0010624470885975817,
    0.0023288740002157986,
    0.003285578423672903,
    0.04433101393887541,
    0.04431911408429893,
    0.04429611921409248,
    0.04423159909765559,
    0.0007346898369031258,
    0.0009135278945917902,
    0.0011408100420504655,
    0.0016037556435138317,
    12.609289740871974,
    1913.4167543530743,
    0.044342844027654864,
    0.044268843701557405,
    0.04441192801884269,
    0.04434238841898945,
    3059.3042179232684,
    0.04430098193636421,
    0.044254345910099635,
    0.0012454751746750754,
    0.001172327534241509,
    0.04429611921409249,
    0.0011408100420515549,
    0.04401485347340069,
    0.044692241259059025,
    0.0009135278945911654,
    0.0011408100420515549,
    0.04434246731025786,
    3059.2671211575876,
    0.04434247089276424,
    3059.215525234452,
    0.04434247449390204,
    3059.1932246668734,
    0.044342541618454315,
    3059.167297731429,
    0.04434235958169578,
    3059.1811955921917,
    6.919626173869303,
    1.4132829507217586
  ],
  "features": [
    "ret_1",
    "ret_5",
    "ret_10",
    "ma_5",
    "ma_10",
    "ma_20",
    "ma_50",
    "std_5",
    "std_10",
    "std_20",
    "std_50",
    "rsi_14",
    "vol_ema_20",
    "open",
    "high",
    "low",
    "close",
    "volume",
    "ema_12",
    "ema_26",
    "macd",
    "macd_signal",
    "bb_ma20",
    "bb_std20",
    "bb_upper",
    "bb_lower",
    "volatility_10",
    "volatility_20",
    "close_lag_1",
    "volume_lag_1",
    "close_lag_2",
    "volume_lag_2",
    "close_lag_3",
    "volume_lag_3",
    "close_lag_5",
    "volume_lag_5",
    "close_lag_10",
    "volume_lag_10",
    "hour",
    "weekday"
  ]
}
