{
  "X_mean": [
    6.163687526470027e-07,
    2.825382556002982e-06,
    5.316076310338647e-06,
    1.0855003823292524,
    1.0855003814030284,
    1.0855007560204575,
    1.0855016892235827,
    0.0008536789125913292,
    0.001209958484176401,
    0.001743328527640237,
    0.0027847905471959445,
    49.88222432743013,
    3305.9565971875636,
    1.085492736388531,
    1.0862415918975517,
    1.0847581801707473,
    1.0855004759987115,
    3305.847173002577
  ],
  "X_std": [
    0.0010622109725832718,
    0.0023282877333026756,
    0.003284412937671372,
    0.04436677296547586,
    0.04435489457419039,
    0.04433238784584559,
    0.044266319990711046,
    0.0007344720164431516,
    0.0009132896196142155,
    0.0011406210152135677,
    0.0016032659270916302,
    12.60551533913692,
    1912.8476419355418,
    0.044378655507002346,
    0.04430457171214935,
    0.04444796524264498,
    0.044378370664349256,
    3058.3243501769334
  ],
  "features": [
    "ret_1",
    "ret_5",
    "ret_10",
    "ma_5",
    "ma_10",
    "ma_20",
    "ma_50",
    "std_5",
    "std_10",
    "std_20",
    "std_50",
    "rsi_14",
    "vol_ema_20",
    "open",
    "high",
    "low",
    "close",
    "volume"
  ]
}
