{
  "r2": -0.055249193779395744,
  "mae": 0.0007539396795810333,
  "n_train": 19865,
  "n_test": 4967
}
