{
  "r2": -0.05240298321393522,
  "mae": 0.0007515050839532638,
  "n_train": 19865,
  "n_test": 4967
}